Name,age
Jason Henderson,17
Manuel Summers,23
Mark Marks,21
Christopher Melton,20
Michelle Curry,24
Joseph Washington,21
Ronald Diaz,24
Jessica Reyes,22
Joshua Figueroa,19
Eric Murray,17
Jason George,21
Jacob Davis,18
Kelsey White,22
Robert Perez,19
David Lewis,20
Whitney Brown,24
Lauren Shannon,19
Jeremy Morrison,25
Alfred Krause,20
Shelly Mann,21
Morgan Mayo,24
Joseph Martinez MD,17
Troy Mcclain,25
Timothy Griffin,20
Jason Johnson,21
Melissa Contreras,18
Jessica Fernandez,24
Kristin Schmidt,24
Linda Romero,25
Lisa Thomas,20
Martha Wilson,22
Brenda Lane,17
Eddie Nash,19
Thomas Sims,17
Ashley Roman,20
Darrell Tanner,24
Lisa Grant,19
Madison Howard,25
Rita Murphy,21
Ashley Frank,20
Pamela Hill,22
Jonathan Allison,19
Mike Miller,22
Sheri Brown,23
Edgar Baker,17
Ms. Cathy Fox,23
Cesar Wilson,19
Steven Bird,19
Steven Lopez,23
Megan Shields,20
Melissa Peterson,21
Jerome Stevens,18
Sherry Montgomery,17
Jill Thomas,18
Steven Johnson,24
Elizabeth King,25
Toni Barker,22
Seth Henderson,23
Logan Cooper,21
Samuel Wilson,19
Alan Little,20
Travis Page,20
Sandra Castaneda,24
Justin Snyder,19
Steven Sanchez,19
Bryan Young,22
Kevin Gomez,23
Clifford Olson,18
Ronald Terry,20
Karen Hickman,21
Lisa Simmons,17
Rebekah Morgan,25
Hector Hernandez,25
Ralph Simon,20
Mark Gomez,17
Emily Crawford MD,18
Jesse Johns,19
Jeremy Medina,24
Dr. Mary Bradford PhD,23
Thomas Mills,18
Judith Williams,23
Kathryn Smith,19
Meghan Mccarthy,24
Kimberly Payne,23
Bradley Wagner,19
Heather Hicks,18
Gary Mitchell,24
Katherine Black,19
Jennifer Smith,18
Courtney Richard,23
Susan Mendoza,22
Arthur Cox,23
Stacey Garcia,23
Bryan Sheppard,21
Brenda Oliver,22
Gregory Hill,25
Jacqueline Morton,17
Angel Navarro,24
Russell Perkins,24
Mrs. Christina Johnston MD,25
Jennifer Brewer,24
Amanda Horton,24
John Harris,23
Jillian Wilson,18
Robert Thomas,25
Edward Villa,23
Morgan Butler,21
Wendy Cardenas,19
Jerome Beasley,22
Mary George,18
Latasha Contreras,17
Justin Gray,18
Jesse Hall,18
Alexis King,25
Melody Lee,20
Kimberly Anderson,25
William Byrd II,23
Heather Donaldson,19
Rachel Werner,24
Shane Cooper,21
Dustin Rojas,18
Sharon Page,19
Kristen Long,18
Edwin Jennings,19
Sonia Bryant,21
Teresa Mcconnell,25
Dale Gould,24
Natalie Oneal,23
Terry Murphy,25
Robert Patterson,21
Kevin Hill,24
Lisa Mcmahon,24
Vickie Riley,17
David Charles,20
Megan Rangel,23
Jerome Mills,22
Joshua Bennett,22
Ronnie Cooper,18
Kelly Atkins,25
Kelly Robinson,24
Brittney Austin,18
Courtney Young,20
Melissa Burns,17
Latoya Delgado,24
Gabriel Beck,24
Christopher Moody,23
William Perez,22
David Glover,18
Thomas Harris,25
Larry Davila,25
Tiffany Jones,22
Shawn King,24
Jennifer Rush,17
Elizabeth Gutierrez,25
Kevin Wood,18
Tara Hancock,19
Joseph Miller,18
Justin Cardenas,19
David Mcconnell,17
Lauren Davidson,21
Robert Walker,18
Mr. Brian Cooper DDS,21
Nicholas Jimenez,22
Blake Martin,21
Benjamin Garrett,18
Dr. Gregory Kim,21
Christine Mayo,22
Andrea Barnes,22
Eric Houston,19
Gregory Huber,19
Jason Mueller,19
Amanda Mitchell,25
Cindy Holt,18
William Howard,19
Katherine Torres,20
Oscar Burch,17
Laura Parrish,23
Allison Clark,20
Ryan Mendoza,19
Robin Thomas,22
James Stanley,21
Christopher Morgan,19
Dr. Dennis Mcguire,21
Dennis West,24
Phyllis May,24
Margaret Parks,20
Jordan Herrera,17
Alexander Harper,25
Jeffrey Guzman,23
Dean Chan,18
John Young,20
Heather Wilson,24
Antonio Smith,18
Stephen Carpenter,19
Charles Russell,25
Scott Mitchell,20
Mary Stokes,17
Justin Wilson,21
Angela Burnett,19
David Thompson,24
Jeffrey Barajas,18
Shane Wise,25
Paul Johnson,17
Luis Harris,19
Emily Armstrong,23
Michael Irwin,23
Richard Padilla,19
Raymond Parker,18
William Bean,18
Kathryn Mcgrath,25
Michael Cooper,25
Luis Moore,17
Michael Farmer,19
Allison Ortiz,17
Karen Sullivan MD,17
Bobby Miller,21
Nathan Peterson,23
Deborah Hines,20
Morgan Ferguson,18
Katie Gibson,22
Rebecca Valdez,24
Chad Patrick,19
Cristina Martin,23
Jeffrey Keith,24
Charles Arnold,21
Thomas Hoffman,25
Jane Hernandez,22
Jacob Rice,22
Erin Nguyen,24
Christina Hubbard,19
Thomas Martin,17
John Harris,23
Wendy Barron,18
Shannon Morris,24
Robert Rocha,20
Christian Freeman,24
Brandon Wang,21
Faith Nelson,17
James Freeman,23
Jose Maldonado,17
James Donovan,18
Deborah Baldwin,18
Robert Tran,22
Autumn Roberts,24
Pamela Cook,21
Christopher Matthews,18
Kathryn Cooper,22
Steve Cook,24
Stephanie Wood,18
Richard Wilson,19
Andrew Barnes,20
Eric Whitaker,24
Ana Salazar,20
Jennifer Scott,21
Samuel Barajas,23
Mr. Brandon Wood,18
Debbie Hale,19
Thomas Cain,24
Alec Larson,17
Jamie Wang,24
Debra Owens,23
Regina Spencer,23
Elizabeth Stein,20
Jessica Murray,19
Anne Wilson,20
Rachel Phillips,20
Deborah Robles,25
Amy Pittman,22
Heather Spencer,22
Kristin Garcia,25
Benjamin Butler,17
Amanda Fox,19
Martin Burke,25
Jessica Clark,19
Brenda Mcintyre,19
Jeffrey Carpenter,23
Kristine Dorsey,21
Christian Lam,20
Lauren Huff,24
April Hickman,20
Steven King,20
James Williams,20
Carolyn Manning,22
Harry Wilson,22
John Stewart,19
John Sanchez,21
Jeffrey Church,20
Vicki Johnson,20
Veronica Schmidt,23
Carolyn Garcia,19
Colleen Alexander,20
Brett Ramirez,19
Wendy Alvarez,22
Christina Russell DDS,20
Brenda Nelson,22
Christina Atkinson,22
Daniel Weber,25
Samuel Acevedo,18
David Vasquez,20
Rose Adams,
Terry Boyd,
Joel Pope,
Stacey Osborne,
Kelly Singh,
Christopher Porter,
David Torres,
Steven Carter,
Danielle Caldwell,
Gregory Huffman,
Robyn Young,
James Tran,
Donald Phillips,
Andrea White,
Michael Walker,
Joshua Ford,
Brenda White,
Kevin Ford,
Steven Marshall MD,
James Armstrong,
Kristy Dominguez,
Elizabeth Griffin,
John Lowe,
Nancy Simmons,
Lisa Hinton,
Melvin Lawson,
Jason Suarez,
Jodi Hall,
Bryan Barnett,
Jessica Stanton,
Jessica Price,
Michael Williams,
Gregory Herrera,
Mark Carpenter,
Emily Ryan,
Dorothy Moody,
Rebecca Fernandez,
Philip Grant,
Ryan Beasley,
Morgan Martin,
Jasmine Hill,
Robert Chambers,
John Ellis,
Susan Mooney,
Alice Anderson,
Erin Ramirez,
Ashley Chambers,
Scott Bradley DVM,
Michael Smith,
Peter Rivera MD,
Gregory Curry,
Miguel Kelley,
Patrick Gonzalez,
Mckenzie Mullen,
Brittany Young,
Stephanie Hale,
Martha Perez,
Billy Ferrell,
Jennifer Hawkins,
Louis Hall,
Andrea Romero,
John Bradford,
David Jackson,
Michael Holder,
Maria Villa,
Carolyn French,
Matthew Foster MD,
Jason Spence,
Penny Reed,
Susan Johnson,
Andrea Carter,
Matthew Carney,
Beverly Madden,
Michael Allen,
Carlos Berry,
Scott Perez,
Jason Moran,
Gina Wilson,
Daniel Bennett,
Phillip Harris,
Brian Kennedy,
Melissa French,
Jeffrey Franklin,
Gwendolyn Mccall,
Samantha Turner,
Maria Carlson,
Kimberly Gray,
Kevin Smith,
Pamela Contreras,
Jeffery Contreras,
Melanie Watkins,
Brianna Perkins,
James Hardin,
Susan Becker,
Cheryl Patrick,
Lisa Brown,
Stephen Horton,
Taylor Chan,
Mark Dennis,
Samantha Wallace,
Jonathan Velasquez,
Darin Blankenship,
Shane Moore,
Michael Shannon,
Renee Hernandez,
Nancy Kane,
Jamie Peterson,
Roy Morris,
Seth Lutz,
Adam Burgess,
Elizabeth Soto,
Rachel Miller,
Jennifer York,
Manuel Hodges,
Kari Turner,
Jared Johnson,
Bryan Cook,
William Miller,
Sarah Brewer,
Brian Valdez,
David Martin,
Lawrence Cohen,
Wendy Love,
Sharon Mcconnell,
Ronald Bell,
Marvin Stein,
Cheryl Forbes,
Joshua Powell,
Bruce Burton,
Patrick Lee,
Dr. Carla Dennis,
Kayla Johnson,
Ann Moreno,
Gregory Johnson,
Mike Lee,
John Brooks,
Yesenia Lamb,
Kevin Collins,
Cynthia Patel,
Kyle Smith,
Alicia Moore,
Erin Cole,
Dr. Patrick David,
Megan Rodriguez,
Kim Thompson,
Debra Chavez,
Julia King,
Karen Montgomery,
Arthur French,
Connie Reynolds,
Evan Hayes,
Kyle Newton,
Daniel Dunn,
Curtis Smith,
Robert Cain,
Michele Jones,
Tracy Freeman,
Monica Parker,
Karen Johnson,
Andrew Robinson,
Ashley Green,
Amber Tran,
Nicole Gomez,
Kathy Ramirez,
Angela Gordon,
Steven Thompson,
Darryl Brooks,
Lucas Fisher,
Jacob Gould,
Erin Zamora,
Jessica Jackson,
Sarah Valenzuela,
Jonathan Pena,
Kimberly Smith,
Susan Parker,
Tyler Huff,
Heather Martin,
Michelle Brown,
Jeremiah Bradford,
Calvin Gonzalez,
Kevin Campbell,
Mary Miller,
Colin Brown,
Jennifer Johnson,
Shane Steele,
William Murphy,
Hannah Gonzalez,
Lynn Martin,
Justin Cox,
Jeremy King,
Heather Hall,
Christopher Maddox,
Ian Macias,
Miss Maria Brennan,
Jordan Peterson,
Margaret Clark,
Samantha Davis,
David Weaver,
Jordan Wise,
Madison Hart,
Lisa Smith,